{"cameraMode":{"drawMode":0,"name":"Shaded","section":"Shading Mode"},"sceneLighting":false,"audioPlay":false,"sceneViewState":{"m_AlwaysRefresh":true,"showFog":true,"showSkybox":false,"showFlares":true,"showImageEffects":true,"showParticleSystems":true,"showVisualEffectGraphs":true,"m_FxEnabled":true},"in2DMode":false,"pivot":{"x":10.090987205505371,"y":3.0285000801086427,"z":9.424432754516602},"rotation":{"x":0.22048893570899964,"y":-0.00030740254442207515,"z":0.00009231638250639662,"w":0.9754082560539246},"size":1.4110233783721924,"orthographic":false}