{"cameraMode":{"drawMode":0,"name":"Shaded","section":"Shading Mode"},"sceneLighting":false,"audioPlay":false,"sceneViewState":{"m_AlwaysRefresh":true,"showFog":true,"showSkybox":false,"showFlares":true,"showImageEffects":true,"showParticleSystems":true,"showVisualEffectGraphs":true,"m_FxEnabled":true},"in2DMode":false,"pivot":{"x":8.606952667236329,"y":1.9399638175964356,"z":9.17818832397461},"rotation":{"x":0.22048893570899964,"y":-0.00030740254442207515,"z":0.00009231638250639662,"w":0.9754082560539246},"size":0.3402114510536194,"orthographic":false}