{"cameraMode":{"drawMode":0,"name":"Shaded","section":"Shading Mode"},"sceneLighting":true,"audioPlay":false,"sceneViewState":{"m_AlwaysRefresh":true,"showFog":true,"showSkybox":true,"showFlares":true,"showImageEffects":true,"showParticleSystems":true,"showVisualEffectGraphs":true,"m_FxEnabled":true},"in2DMode":false,"pivot":{"x":17.51664161682129,"y":2.5801992416381838,"z":2.399602174758911},"rotation":{"x":-0.13787595927715302,"y":0.0056836879812181,"z":-0.0007278338889591396,"w":-0.9904825687408447},"size":3.363499879837036,"orthographic":false}